{
    "banner": {
        "builder": true,
        "no_selection": false,
        "name": "Banner Section",
        "content": {
            "images": {
                "image": {
                    "size": "1920x1280"
                }
            },
            "heading": "text",
            "subheading": "text"
        }
    },
    "breadcrumb": {
        "builder": true,
        "no_selection": true,
        "name": "breadcrumb Section",
        "content": {
            "images": {
                "image": {
                    "size": "1920x1280"
                }
            }
        }
    },
    "feature": {
        "builder": true,
        "name": "Feature Section",
        "content": {
            "heading": "text"
        },
        "element": {
            "title": "text",
            "description": "textarea",
            "feature_icon": "icon",
            "modal": true
        }
    },
    "how_it_work": {
        "builder": true,
        "name": "How It Work Section",
        "content": {
            "heading": "text",
            "subheading": "text"
        },
        "element": {
            "title": "text",
            "description": "text",
            "modal": true
        }
    },
    "latest_trx": {
        "builder": true,
        "name": "Latest Transactions",
        "content": {
            "heading": "text"
        }
    },
    "overview": {
        "builder": true,
        "name": "Counter Section",
        "element": {
            "title": "text",
            "text": "text",
            "icon": "icon",
            "modal": true
        }
    },
    "payment": {
        "builder": true,
        "name": "Gateway Section",
        "content": {
            "heading": "text",
            "subheading": "text"
        },
        "element": {
            "gateway_name": "text",
            "title": "text",
            "amount": "text",
            "modal": true
        }
    },
    "package": {
        "builder": true,
        "name": "Plan Section",
        "content": {
            "heading": "text"
        }
    },
    "top_investor": {
        "builder": true,
        "name": "Top Investor",
        "content": {
            "heading": "text"
        },
        "element": {
            "images": {
                "image": {
                    "size": "300x300"
                }
            },
            "name": "text",
            "country": "text",
            "date": "text",
            "modal": true
        }
    },
    "testimonial": {
        "builder": true,
        "name": "Testimonial Section",
        "content": {
            "heading": "text",
            "subheading": "text"
        },
        "element": {
            "images": {
                "image": {
                    "size": "128x128"
                }
            },
            "name": "text",
            "number_of_star": "text",
            "comment": "textarea",
            "designation": "text",
            "modal": true
        }
    },
    "about": {
        "builder": true,
        "name": "About Us",
        "content": {
            "images": {
                "about_image": {
                    "size": "550x490"
                }
            },
            "heading": "text",
            "subheading": "text"
        },
        "element": {
            "title": "text",
            "description": "textarea",
            "icon": "icon",
            "modal": true
        }
    },
    "policy_pages": {
        "builder": true,
        "no_selection": true,
        "name": "Policy Pages",
        "element": {
            "title": "text",
            "details": "textarea-nic",
            "modal": false
        }
    },
    "faq": {
        "builder": true,
        "name": "FAQ Section",
        "content": {
            "heading": "text",
            "subheading": "text"
        },
        "element": {
            "question": "text",
            "answer": "textarea",
            "modal": false
        }
    },
    "social_icon": {
        "builder": true,
        "no_selection": true,
        "name": "Social Icons",
        "element": {
            "title": "text",
            "social_icon": "icon",
            "url": "text",
            "modal": false
        }
    },
    "contact_us": {
        "builder": true,
        "no_selection": true,
        "name": "Contact Us Section",
        "content": {
            "heading": "text",
            "subheading": "text"
        },
        "element": {
            "address_type": "text",
            "address": "textarea",
            "icon": "icon",
            "modal": true
        }
    },
    "kyc_info": {
        "builder": true,
        "no_selection": true,
        "name": "KYC Instruction",
        "content": {
            "verification_instruction": "textarea",
            "pending_instruction": "textarea"
        }
    }
}